{"0704.0001": 2.7031281320165172}
{"0704.0002": 2.6023791692844833}
{"0704.0003": 2.7983909663674065}
{"0704.0004": 1.3470617126740625}
{"0704.0005": 1.3633736615159775}
{"0704.0006": 2.758625653307751}
{"0704.0007": 2.8597641197704453}
{"0704.0008": 2.7437135626582125}
{"0704.0009": 3.8970085188985513}
{"0704.0010": 2.445079285213126}
{"0704.0011": 1.6366879511522916}
{"0704.0012": 2.3232131193953727}
{"0704.0013": 2.5759176437359157}
{"0704.0014": 1.2041199826559248}
{"0704.0015": 1.7041707805232151}
{"0704.0016": 2.390728539195845}
{"0704.0017": 3.7756956878587036}
{"0704.0018": 1.6501393676323801}
{"0704.0019": 1.1263511069166627}
{"0704.0020": 2.640649211879363}
{"0704.0001": 2.7031281320165172}
{"0704.0001": 2.7031281320165172}
{"0704.0002": 2.6023791692844833}
{"0704.0003": 2.7983909663674065}
{"0704.0004": 1.3470617126740625}
{"0704.0005": 1.3633736615159775}
{"0704.0006": 2.758625653307751}
{"0704.0007": 2.8597641197704453}
{"0704.0008": 2.7437135626582125}
{"0704.0009": 3.8970085188985513}
{"0704.0010": 2.445079285213126}
{"0704.0011": 1.6366879511522916}
{"0704.0012": 2.3232131193953727}
{"0704.0013": 2.5759176437359157}
{"0704.0014": 1.2041199826559248}
{"0704.0015": 1.7041707805232151}
{"0704.0016": 2.390728539195845}
{"0704.0017": 3.7756956878587036}
{"0704.0018": 1.6501393676323801}
{"0704.0019": 1.1263511069166627}
{"0704.0020": 2.640649211879363}
{"0704.0021": 1.8922340892223557}
{"0704.0022": 3.542252517156545}
{"0704.0023": 3.2357205520027685}
{"0704.0024": 2.5022972225188362}
{"0704.0025": 2.2935329874922163}
{"0704.0026": 2.1610582222262966}
{"0704.0027": 2.0653517897671088}
{"0704.0028": 1.7821490465327174}
{"0704.0029": 2.46856870464172}
{"0704.0030": 2.5478088965803534}
{"0704.0031": 2.3403368320266464}
{"0704.0032": 2.9445955947191376}
{"0704.0033": 2.6327340491143216}
{"0704.0034": 0.9030899869919434}
{"0704.0035": 2.330833107205445}
{"0704.0036": 2.534371322269759}
{"0704.0037": 2.8957985340827124}
{"0704.0038": 2.2011033916527287}
{"0704.0039": 3.2024605407664066}
{"0704.0040": 1.6767184912609512}
{"0704.0041": 3.1665437176847546}
{"0704.0042": 2.013313628672759}
{"0704.0043": 3.1439075606188713}
{"0704.0044": 3.984946138996089}
{"0704.0045": 3.3382909442678197}
{"0704.0046": 1.9638725027888195}
{"0704.0047": 3.176744228885256}
{"0704.0048": 2.6498882300307214}
{"0704.0049": 1.8147697788458588}
{"0704.0050": 2.9737822912872596}
{"0704.0051": 1.9400984657891251}
{"0704.0052": 2.285314717372994}
{"0704.0053": 3.50245788984733}
{"0704.0054": 1.3962115882648087}
{"0704.0055": 3.1061028509730435}
{"0704.0056": 2.1405017340627577}
{"0704.0057": 2.586601436264435}
{"0704.0058": 2.6640039418213193}
{"0704.0059": 3.776489836252897}
{"0704.0060": 1.9717684445182042}
{"0704.0061": 2.854624655887142}
{"0704.0062": 2.5521867207226077}
{"0704.0063": 2.517314955434123}
{"0704.0064": 2.881235368261308}
{"0704.0065": 3.0095801975404055}
{"0704.0066": 3.1886532548039908}
{"0704.0067": 3.1982867987878367}
{"0704.0068": 1.717093629465851}
{"0704.0069": 3.4464146633979724}
{"0704.0070": 1.9281015226981608}
{"0704.0071": 0.8782704830756889}
{"0704.0072": 2.6851062333166458}
{"0704.0073": 2.0977391536954157}
{"0704.0074": 2.6230748129851613}
{"0704.0075": 1.8316930006617211}
{"0704.0076": 1.3305498016193433}
{"0704.0077": 1.7697013140341986}
{"0704.0078": 1.7565409661513782}
{"0704.0079": 2.224054405505122}
{"0704.0001": 2.7031281320165172}
{"0704.0001": 2.7031281320165172}
{"0704.0001": 2.7031281320165172}
{"0704.0001": 2.7031281320165172}
{"0704.0001": 2.7031281320165172}
{"0704.0002": 2.6023791692844833}
{"0704.0003": 2.7983909663674065}
{"0704.0004": 1.3470617126740625}
{"0704.0005": 1.3633736615159775}
{"0704.0006": 2.758625653307751}
{"0704.0007": 2.8597641197704453}
{"0704.0008": 2.7437135626582125}
{"0704.0009": 3.8970085188985513}
{"0704.0010": 2.445079285213126}
{"0704.0011": 1.6366879511522916}
{"0704.0012": 2.3232131193953727}
{"0704.0013": 2.5759176437359157}
{"0704.0014": 1.2041199826559248}
{"0704.0015": 1.7041707805232151}
{"0704.0016": 2.390728539195845}
{"0704.0017": 3.7756956878587036}
{"0704.0018": 1.6501393676323801}
{"0704.0019": 1.1263511069166627}
{"0704.0020": 2.640649211879363}
{"0704.0021": 1.8922340892223557}
{"0704.0022": 3.542252517156545}
{"0704.0023": 3.2357205520027685}
{"0704.0024": 2.5022972225188362}
{"0704.0025": 2.2935329874922163}
{"0704.0026": 2.1610582222262966}
{"0704.0027": 2.0653517897671088}
{"0704.0028": 1.7821490465327174}
{"0704.0029": 2.46856870464172}
{"0704.0030": 2.5478088965803534}
{"0704.0031": 2.3403368320266464}
{"0704.0032": 2.9445955947191376}
{"0704.0033": 2.6327340491143216}
{"0704.0034": 0.9030899869919434}
{"0704.0035": 2.330833107205445}
{"0704.0036": 2.534371322269759}
{"0704.0037": 2.8957985340827124}
{"0704.0038": 2.2011033916527287}
{"0704.0039": 3.2024605407664066}
{"0704.0040": 1.6767184912609512}
{"0704.0041": 3.1665437176847546}
{"0704.0042": 2.013313628672759}
{"0704.0043": 3.1439075606188713}
{"0704.0044": 3.984946138996089}
{"0704.0045": 3.3382909442678197}
{"0704.0046": 1.9638725027888195}
{"0704.0047": 3.176744228885256}
{"0704.0048": 2.6498882300307214}
{"0704.0049": 1.8147697788458588}
{"0704.0050": 2.9737822912872596}
{"0704.0051": 1.9400984657891251}
{"0704.0052": 2.285314717372994}
{"0704.0053": 3.50245788984733}
{"0704.0054": 1.3962115882648087}
{"0704.0055": 3.1061028509730435}
{"0704.0056": 2.1405017340627577}
{"0704.0057": 2.586601436264435}
{"0704.0058": 2.6640039418213193}
{"0704.0059": 3.776489836252897}
{"0704.0060": 1.9717684445182042}
{"0704.0061": 2.854624655887142}
{"0704.0062": 2.5521867207226077}
{"0704.0063": 2.517314955434123}
{"0704.0064": 2.881235368261308}
{"0704.0065": 3.0095801975404055}
{"0704.0066": 3.1886532548039908}
{"0704.0067": 3.1982867987878367}
{"0704.0068": 1.717093629465851}
{"0704.0069": 3.4464146633979724}
{"0704.0070": 1.9281015226981608}
{"0704.0071": 0.8782704830756889}
{"0704.0072": 2.6851062333166458}
{"0704.0073": 2.0977391536954157}
{"0704.0074": 2.6230748129851613}
{"0704.0075": 1.8316930006617211}
{"0704.0076": 1.3305498016193433}
{"0704.0077": 1.7697013140341986}
{"0704.0078": 1.7565409661513782}
{"0704.0079": 2.224054405505122}
{"0704.0080": 3.894256181714457}
{"0704.0081": 1.7054577781685474}
{"0704.0082": 3.154402135445621}
{"0704.0083": 2.895439280747028}
{"0704.0084": 3.9544023431468465}
{"0704.0085": 3.674408552537285}
{"0704.0086": 2.651538485352275}
{"0704.0087": 2.0819249445067354}
{"0704.0088": 2.872805545195545}
{"0704.0089": 3.0432415277919547}
{"0704.0090": 2.3511253084131734}
{"0704.0091": 1.892813762729552}
{"0704.0092": 1.580351015713969}
{"0704.0093": 2.4832406543888434}
{"0704.0094": 3.8269638252540408}
{"0704.0095": 2.3717006324230807}
{"0704.0096": 1.8810984708981342}
{"0704.0001": 2.7031281320165172}
{"0704.0001": 2.7031281320165172}
{"0704.0001": 2.7031281320165172}
{"0704.0001": 2.7031281320165172}
{"0704.0001": 2.7031281320165172}
{"0704.0001": 2.7031281320165172}
